"CopiedFrom","Destination","SourceSHA256"
"DeadlyJenga/Assets/HandDemo.meta","Assets/HandDemo.meta","5A0567A06399E85F61D9F2AD0E32AF559E451B0EEFAAC08EA876F66FF434CA52"
"DeadlyJenga/Assets/HandDemo/Documentation.meta","Assets/HandDemo/Documentation.meta","BFE173FBFC4A2BD14A3F0998F8D6CB9F38F75E65DFEF5407F769C743A715AC4B"
"DeadlyJenga/Assets/HandDemo/Editor.meta","Assets/HandDemo/Editor.meta","D28216E1D65E9F3F097E2FC7387716A35220226A2763F6F3D51194F9429BBDC4"
"DeadlyJenga/Assets/HandDemo/Materials.meta","Assets/HandDemo/Materials.meta","38608BB9AC808FA6A4806BB704137534561E2BFAC6C94EF5AE3E7095E15068C2"
"DeadlyJenga/Assets/HandDemo/Prefabs.meta","Assets/HandDemo/Prefabs.meta","99AA5EBEA790922E56095B97BEA7D3B5816FA530F6DC9CB30F9F9B273633995F"
"DeadlyJenga/Assets/HandDemo/Scenes.meta","Assets/HandDemo/Scenes.meta","50DA62230625EE13A8E1D5CB01DC032AE0EB33FD208B4F100557D2D3A69E75FE"
"DeadlyJenga/Assets/HandDemo/Scripts.meta","Assets/HandDemo/Scripts.meta","07A5F8C745F316988ECBAC95B4C0DE6C28FE783578D27280C20B55E75737DB64"
"DeadlyJenga/Assets/HandDemo/Documentation/AndroidEditorDesktopValidation.txt","Assets/HandDemo/Documentation/AndroidEditorDesktopValidation.txt","A7FCB4CD6C64003CEA9658DA33641B91996830EEBE44298931448580CE99648C"
"DeadlyJenga/Assets/HandDemo/Documentation/AndroidEditorDesktopValidation.txt.meta","Assets/HandDemo/Documentation/AndroidEditorDesktopValidation.txt.meta","AEA813EB424AD9E420E07F64227351867955FB6877309AE537CB7B93E69477C5"
"DeadlyJenga/Assets/HandDemo/Documentation/DependencyInventory.txt","Assets/HandDemo/Documentation/DependencyInventory.txt","82E46C4EB2B25002834845344807B4972A594CE52D78E67B91A071D9A09CA94B"
"DeadlyJenga/Assets/HandDemo/Documentation/DependencyInventory.txt.meta","Assets/HandDemo/Documentation/DependencyInventory.txt.meta","10681E571AA80278F23321B461D06560EBB11037E01D083D3CB8D1C09C12FFE4"
"DeadlyJenga/Assets/HandDemo/Documentation/DesktopValidation.txt","Assets/HandDemo/Documentation/DesktopValidation.txt","23470E5F25863559CB411BD1491B68CD3F0D7C0D8BBECB476BDADBD9DB619E9E"
"DeadlyJenga/Assets/HandDemo/Documentation/DesktopValidation.txt.meta","Assets/HandDemo/Documentation/DesktopValidation.txt.meta","6FAF231CBA841A796BC2ECFA38B226112F272F3927F8FF88A0FE4876D1665C55"
"DeadlyJenga/Assets/HandDemo/Documentation/EXPORT_NOTES.md","Assets/HandDemo/Documentation/EXPORT_NOTES.md","C1A90B4D97939F2602809075D9854BCC698D540B2B21A218AF1392C928EED3E6"
"DeadlyJenga/Assets/HandDemo/Documentation/EXPORT_NOTES.md.meta","Assets/HandDemo/Documentation/EXPORT_NOTES.md.meta","86B4612F28F80D42FCF839CBE30AABC49370BD6E98BC3A1633432DBBA0AB8DF4"
"DeadlyJenga/Assets/HandDemo/Documentation/GuidPreservation.tsv","Assets/HandDemo/Documentation/GuidPreservation.tsv","FD809215E003C97F568F130061535FFBCC188DA65E6E2A6F095E98D12705CA0C"
"DeadlyJenga/Assets/HandDemo/Documentation/GuidPreservation.tsv.meta","Assets/HandDemo/Documentation/GuidPreservation.tsv.meta","BB299AE4ABF39AFF2185EBA56EF5A7B4604E0A5F4C8D5EE22A09DAA29BB5A494"
"DeadlyJenga/Assets/HandDemo/Documentation/IMPORT_GUIDE.md","Assets/HandDemo/Documentation/IMPORT_GUIDE.md","226109860EE3BBA4614FF2E20AF4DBF31C6880BC46BC72A84DCC797D6B77DA81"
"DeadlyJenga/Assets/HandDemo/Documentation/IMPORT_GUIDE.md.meta","Assets/HandDemo/Documentation/IMPORT_GUIDE.md.meta","D487212134739A5574D7EC7EF94A00EBBD43A73D446C739529DFF1886A223C51"
"DeadlyJenga/Assets/HandDemo/Documentation/InputModeValidation.txt","Assets/HandDemo/Documentation/InputModeValidation.txt","C3657846748D810EE190FC40491CCFEAEE4677B2A203107883C5058117E8BE45"
"DeadlyJenga/Assets/HandDemo/Documentation/InputModeValidation.txt.meta","Assets/HandDemo/Documentation/InputModeValidation.txt.meta","A9EC681CCABC375B5AC55B1BC66FCBC186CD49C05193EA56F7B1525164412096"
"DeadlyJenga/Assets/HandDemo/Documentation/PackageDependencies.json","Assets/HandDemo/Documentation/PackageDependencies.json","3C794703A116DD01D9D5673CA21A0EEC33E9479A7A5E90E1D7D91485298AFA85"
"DeadlyJenga/Assets/HandDemo/Documentation/PackageDependencies.json.meta","Assets/HandDemo/Documentation/PackageDependencies.json.meta","FD6350FAA368CE0F3B21D9F7B9B3FEEAD07926F28697C74C986E717AD943B826"
"DeadlyJenga/Assets/HandDemo/Documentation/PORTABILITY_AUDIT.md","Assets/HandDemo/Documentation/PORTABILITY_AUDIT.md","6139F00FABD5E037AAE599BFECBEB02C29C68804C0E1B2AEC869B818AF0A5400"
"DeadlyJenga/Assets/HandDemo/Documentation/PORTABILITY_AUDIT.md.meta","Assets/HandDemo/Documentation/PORTABILITY_AUDIT.md.meta","D008B5345852A895AE48089E55B224E24F67CCB7B7AEC14D0CB24F1255DD77A6"
"DeadlyJenga/Assets/HandDemo/Documentation/PortabilityValidation.txt","Assets/HandDemo/Documentation/PortabilityValidation.txt","B1696B2764870A6B092E25D3D97473D639D66EB11F3AFFB248319576D07668D1"
"DeadlyJenga/Assets/HandDemo/Documentation/PortabilityValidation.txt.meta","Assets/HandDemo/Documentation/PortabilityValidation.txt.meta","2826F858D2B16C4E5A96D2EC469D3DD36E8DC47F31143AAF2E4160D9EE2CC858"
"DeadlyJenga/Assets/HandDemo/Documentation/QUEST_CONFIGURATION.md","Assets/HandDemo/Documentation/QUEST_CONFIGURATION.md","8CF0E80725F97A5D8E9D017B617B5612B3E35FB633F62B31FF38AB061548DB4D"
"DeadlyJenga/Assets/HandDemo/Documentation/QUEST_CONFIGURATION.md.meta","Assets/HandDemo/Documentation/QUEST_CONFIGURATION.md.meta","F1C9694DBE650B92127A848903A0F599DFA5CCE6C73B2C8211B6FE94BC4A6949"
"DeadlyJenga/Assets/HandDemo/Documentation/README.md","Assets/HandDemo/Documentation/README.md","FB150EFEF3E1433DE8DA85EDC3C58A6BCD7287439E49BF7BA3970FE808CA5463"
"DeadlyJenga/Assets/HandDemo/Documentation/README.md.meta","Assets/HandDemo/Documentation/README.md.meta","E9A36369D3E48A923C8B95647938E16A27F22B8B3B499774FE86E7D67D73ECCC"
"DeadlyJenga/Assets/HandDemo/Documentation/StructuralValidation.txt","Assets/HandDemo/Documentation/StructuralValidation.txt","20C81444247034426F3DD445A4247C4328F623B5A68106BA389349DE78524954"
"DeadlyJenga/Assets/HandDemo/Documentation/StructuralValidation.txt.meta","Assets/HandDemo/Documentation/StructuralValidation.txt.meta","9C31A52E5AE242AA2B1E2E529B04B02619E640E143108554A44C8DB6C6B5660C"
"DeadlyJenga/Assets/HandDemo/Documentation/Validation.txt","Assets/HandDemo/Documentation/Validation.txt","5CD8563CDAD6E85FD2136F9B495AD26261FE48E19924041639533A40525E60B6"
"DeadlyJenga/Assets/HandDemo/Documentation/Validation.txt.meta","Assets/HandDemo/Documentation/Validation.txt.meta","BC08501DF4257E8D19B70CC53F7E5EF7919D61CA3285FD7A0D53F20222745213"
"DeadlyJenga/Assets/HandDemo/Documentation/VRValidation.txt","Assets/HandDemo/Documentation/VRValidation.txt","107FA2327D916DB977515F1CA626B8D27BC80FA3B6A01AD4D40CE9F9A0F2C182"
"DeadlyJenga/Assets/HandDemo/Documentation/VRValidation.txt.meta","Assets/HandDemo/Documentation/VRValidation.txt.meta","74E473B3BD69680EF83C3E3C79505D5C0C39CF9CE3C7FB028FA161579D72D564"
"DeadlyJenga/Assets/HandDemo/Editor/FlyingHandControllerInspector.cs","Assets/HandDemo/Editor/FlyingHandControllerInspector.cs","FC9E781C78F43A4801C5DEE2D542B64AE6F14BBF123ADEA7DF882BDA92D8B6B5"
"DeadlyJenga/Assets/HandDemo/Editor/FlyingHandControllerInspector.cs.meta","Assets/HandDemo/Editor/FlyingHandControllerInspector.cs.meta","A845137E3327B49A78D6DC2CD6BB4354511E36D94DD78A0A0DE68D01590A038D"
"DeadlyJenga/Assets/HandDemo/Editor/FlyingHandDesktopSmokeTest.cs","Assets/HandDemo/Editor/FlyingHandDesktopSmokeTest.cs","DE2C49E04351BDC86A4D2892119A65BD152CA779694A97D8B266FDCDF23DE7E0"
"DeadlyJenga/Assets/HandDemo/Editor/FlyingHandDesktopSmokeTest.cs.meta","Assets/HandDemo/Editor/FlyingHandDesktopSmokeTest.cs.meta","AC2E3321C7A00A790BBC8C169BECDD0E4F7B45767AED5103F728F216178C665B"
"DeadlyJenga/Assets/HandDemo/Editor/FlyingHandSceneBuilder.cs","Assets/HandDemo/Editor/FlyingHandSceneBuilder.cs","B64C885F27C84AC359151FAFF69EDACB90A10DDAF9AB9898051BDF13706125E3"
"DeadlyJenga/Assets/HandDemo/Editor/FlyingHandSceneBuilder.cs.meta","Assets/HandDemo/Editor/FlyingHandSceneBuilder.cs.meta","B58195BAB9AA4B648620DD5DD39B4193650B4077EBC4B8D4BC3CD982773F9724"
"DeadlyJenga/Assets/HandDemo/Editor/FlyingHandSmokeTest.cs","Assets/HandDemo/Editor/FlyingHandSmokeTest.cs","6BF31F3C76EB83DEFB2D2BBBFF4038584AB6042C8702736CC5AA16B82B7252C1"
"DeadlyJenga/Assets/HandDemo/Editor/FlyingHandSmokeTest.cs.meta","Assets/HandDemo/Editor/FlyingHandSmokeTest.cs.meta","6BE1FFFC636ACEC3CD4F4D1062BAC5B4E41B363F719398E509D0888876B30384"
"DeadlyJenga/Assets/HandDemo/Editor/HandDemo.Editor.asmdef","Assets/HandDemo/Editor/HandDemo.Editor.asmdef","578509AF9D9B53A29FA0CB16AE84D65EF16BEB6EAC08E4C205CC333D311DA810"
"DeadlyJenga/Assets/HandDemo/Editor/HandDemo.Editor.asmdef.meta","Assets/HandDemo/Editor/HandDemo.Editor.asmdef.meta","DF758799BE03D63DC161D1F826413AFBB6341D3D3A86BC7778DA17D697D48A9D"
"DeadlyJenga/Assets/HandDemo/Editor/HandDemoPackageExporter.cs","Assets/HandDemo/Editor/HandDemoPackageExporter.cs","23F373FA37D1C03AFA6D34CC89F8CFE79BB1112047F1502C2FE5D4CCEAC9A6E4"
"DeadlyJenga/Assets/HandDemo/Editor/HandDemoPackageExporter.cs.meta","Assets/HandDemo/Editor/HandDemoPackageExporter.cs.meta","A230E8DDA7F6CE855EF858F7E9F8F19323500340815BD43A302274F40AC329BA"
"DeadlyJenga/Assets/HandDemo/Editor/HandDemoPortabilityAudit.cs","Assets/HandDemo/Editor/HandDemoPortabilityAudit.cs","AD05746DD37952E4A37FDE1A30198BD550671FCC03A850009F09984D713277E2"
"DeadlyJenga/Assets/HandDemo/Editor/HandDemoPortabilityAudit.cs.meta","Assets/HandDemo/Editor/HandDemoPortabilityAudit.cs.meta","69BD9A7C27AB0D4AD9C241244B18EC31883E480B2CCE5624855CEAF0473A5654"
"DeadlyJenga/Assets/HandDemo/Editor/HandDemoTestInput.cs","Assets/HandDemo/Editor/HandDemoTestInput.cs","825CA640FC6D895DCF2B951E026087EE272F199DA0FA25FA6955201631432D10"
"DeadlyJenga/Assets/HandDemo/Editor/HandDemoTestInput.cs.meta","Assets/HandDemo/Editor/HandDemoTestInput.cs.meta","ED87F515700A532981459937E9DB29087F164D14158A711AE3269E6E2F76251B"
"DeadlyJenga/Assets/HandDemo/Materials/Ground Slate.mat","Assets/HandDemo/Materials/Ground Slate.mat","B0CF06E7FB465A11EAA534A62AADF9E28B3EDCB5B4E1784CF1BF63B7DC7ED39C"
"DeadlyJenga/Assets/HandDemo/Materials/Ground Slate.mat.meta","Assets/HandDemo/Materials/Ground Slate.mat.meta","93B7EE21FB97EFEC9AFEE9680042DFA156FD185F10D07FE17B26408E2FA01197"
"DeadlyJenga/Assets/HandDemo/Materials/Matte White Hand.mat","Assets/HandDemo/Materials/Matte White Hand.mat","A7D885E5C5921E7988B4F101169A1CD9C0690783F9F819FE283B34E9CEF9CFB8"
"DeadlyJenga/Assets/HandDemo/Materials/Matte White Hand.mat.meta","Assets/HandDemo/Materials/Matte White Hand.mat.meta","7917F86F10C73E5B923DB95F711452984A0093E1F27C7E632BF9DB3317D856CE"
"DeadlyJenga/Assets/HandDemo/Materials/Test Crates Orange.mat","Assets/HandDemo/Materials/Test Crates Orange.mat","EC3F55E0DC825FFBAFE17A8CAA9E688A4A9B6A5853A11F4DAB114FB46B25D6A8"
"DeadlyJenga/Assets/HandDemo/Materials/Test Crates Orange.mat.meta","Assets/HandDemo/Materials/Test Crates Orange.mat.meta","7CF152E3B44D82FA10C0BD821C0A628E1C9C19D1BA76EB1FAF941357DDAB8CCA"
"DeadlyJenga/Assets/HandDemo/Prefabs/FlyingHandPlayer.prefab","Assets/HandDemo/Prefabs/FlyingHandPlayer.prefab","5F919359A917B3F5C7F6AF972B49E6D09C401AD8786461EEBA226F67326B6539"
"DeadlyJenga/Assets/HandDemo/Prefabs/FlyingHandPlayer.prefab.meta","Assets/HandDemo/Prefabs/FlyingHandPlayer.prefab.meta","B6ABB68B7D123F6E785EC4842624FB52B36611135AA0C423535EF89E30779F72"
"DeadlyJenga/Assets/HandDemo/Scenes/FlyingHandQuest.unity","Assets/HandDemo/Scenes/FlyingHandQuest.unity","254AB115DE95DFAA5A6994BC5327E3D50F3432D0B8E8B69C500B1997E104FE7A"
"DeadlyJenga/Assets/HandDemo/Scenes/FlyingHandQuest.unity.meta","Assets/HandDemo/Scenes/FlyingHandQuest.unity.meta","D702FB32F3E14A721BCBEC747613EA81F2549897CDACBC375C309EAC27993948"
"DeadlyJenga/Assets/HandDemo/Scripts/FlyingHandController.cs","Assets/HandDemo/Scripts/FlyingHandController.cs","2BD3431348354D8EF6313CFFF719D88D331783897D50A368E1EDC33D2F890636"
"DeadlyJenga/Assets/HandDemo/Scripts/FlyingHandController.cs.meta","Assets/HandDemo/Scripts/FlyingHandController.cs.meta","70374FA4D80FD778E7F8F24FF5720C4007B7958216BDD1A84160725333974BC3"
"DeadlyJenga/Assets/HandDemo/Scripts/HandDemo.Runtime.asmdef","Assets/HandDemo/Scripts/HandDemo.Runtime.asmdef","80499ADB48C187922F39E3E2F246DC508EC24B1BB57386B732C99D0FE6C95CA0"
"DeadlyJenga/Assets/HandDemo/Scripts/HandDemo.Runtime.asmdef.meta","Assets/HandDemo/Scripts/HandDemo.Runtime.asmdef.meta","CBC93C95798731702CDC2C77EE0DEBE0A6A4FF78227636295F1CFB4F97A9A0A9"
"DeadlyJenga/Assets/HandDemo/Scripts/ThirdPersonVRFollow.cs","Assets/HandDemo/Scripts/ThirdPersonVRFollow.cs","261784D853033509BD90818BAE5DC0821438DB2DE1A7F7D44B5AE9AF67F80280"
"DeadlyJenga/Assets/HandDemo/Scripts/ThirdPersonVRFollow.cs.meta","Assets/HandDemo/Scripts/ThirdPersonVRFollow.cs.meta","6913E829DCF2B16CC68647C4FAE361E880FC34614C0BFD9C0F6CD87E085D6280"
